id,title,description,topic_categoriesthumbnail,tags,distracting,topic_categories,category,thumbnail
mv23MnaNvGM,"SLANDER - Love is Gone (Lyrics) ft. Dylan Matthew (Acoustic) ""I'm sorry don't leave me""","SLANDER ft. Dylan Matthew - Love is Gone (Acoustic) I'm sorry, don't leave me, I want you here with me I know that your love is ...",,,1,"['Entertainment', 'memes']",27.0,
yctQRe--q6c,SLANDER - Love Is Gone (ft. Dylan Matthew) [Official Music Video],SLANDER - Love Is Gone (ft. Dylan Matthew) Love Is Gone (Audio): https://smarturl.it/loveisgone1 Love Is Gone (Acoustic) just ...,,,1,"['Entertainment', 'memes']",27.0,
hCrtcVDgCGw,SLANDER - Love Is Gone ft. Dylan Matthew (Acoustic),Love is Gone Lyrics: Don't go tonight Stay here one more time Remind me what it's like And let's fall in love one more time I need ...,,,1,"['Entertainment', 'memes']",27.0,
GsrMwbYT7P0,Indian States Slander,Indian states in a nutshell. ______ Join us on: Discord: https://discord.gg/vdKB89bDXz Instagram: ...,,,1,"['Entertainment', 'memes']",27.0,
ebPOJwL1kmg,Youtube Slander,"don't get offended, just another retarded video Discord: https://discord.gg/nCgHUQz79X Instagram: ...",,,1,"['Entertainment', 'memes']",27.0,
moEEGLpfe5E,SLANDER & Fairlane - Heaven Feels Like,SLANDER & Fairlane Heaven Feels Like Stream/Download: heavensent.ffm.to/HFL @slanderofficial ...,,,1,"['Entertainment', 'memes']",27.0,
GgASxM_Ju_c,SLANDER - I'm sorry don't leave me I want you here with me (Lyrics) | Love Is Gone,I'm sorry don't leave me I want you here with me SLANDER - I'm sorry don't leave me I want you here with me (Lyrics) | Love Is ...,,,1,"['Entertainment', 'memes']",27.0,
6EzmN4tck9w,School Slander Part 3,"don't get offended, just another retarded video Discord: https://discord.gg/nCgHUQz79X Instagram: ...",,,1,"['Entertainment', 'memes']",27.0,
43ck_Cj0cDY,The ultimate Slander about Clan Wars | Crossout Slander #3,Crossout Ride Craft Destroy PU5HItTOtheLIMIT Fun Trends Viral Funny Meme Memes Slander slander review PS4 PS5 ...,,,1,"['Entertainment', 'memes']",27.0,
vhRpLSwxKdw,Biology Slander,Biology gets a bad rap. I hope more opportunities and investments can be made in the bio field so we can figure out how to ...,,,1,"['Entertainment', 'memes']",27.0,
V-QqFgwWR7Q,Grade Slander,"I've almost gotten through all of this. Shout out to @Piece_Of_Clay , for doing this first, he the goat. This video is just a joke.",,,1,"['Entertainment', 'memes']",27.0,
EekzwrWhb0k,SLANDER Presents: Starbase,"STARBASE SOCAL April 25th-26th 2025 Lake Perris, CA Register for Presale: https://laylo.com/starbase/2025-presale Festival ...",,,1,"['Entertainment', 'memes']",27.0,
ItrKCbgH4NE,SLANDER & Fairlane - Heaven Feels Like (Lyrics),AirwaveMusicTV - Music for your heart. Spotify Playlists Melodic Dubstep: https://spoti.fi/2RFFG7x Gaming Music: ...,,,1,"['Entertainment', 'memes']",27.0,
YFtnokDmYpg,SLANDER & blackbear & Bring Me The Horizon - Wish I Could Forget (Zomboy Remix),SLANDER & blackbear & Bring Me The Horizon - Wish I Could Forget (Zomboy Remix) Stream / Download: ...,,,1,"['Entertainment', 'memes']",27.0,
Cy_jF_t2qW4,ULTIMATE School Slander,For the people who want to watch a lot of school slander memes without having to play multiple videos one after the other.,,,1,"['Entertainment', 'memes']",27.0,
J2SH8CsS19U,Religion Slander,Anything missing? Tell me in the comments and I will include it in the next video :) Song: Windmill Isle (Day) - Sonic Unleashed ...,,,1,"['Entertainment', 'memes']",27.0,
sBcx_0zYBog,Teens Slander,"don't get offended, just another retarded video Discord: https://discord.gg/nCgHUQz79X Instagram: ...",,,1,"['Entertainment', 'memes']",27.0,
c_G7jPdx3OU,SLANDER @ LONG BEACH ARENA,THRIVE ALBUM OUT 9/22/22 THRIVE FALL TOUR: https://slanderofficial.com/pages/tour Subscribe Here ...,,,1,"['Entertainment', 'memes']",27.0,
CDFum01p0qI,Life Slander,"don't get offended, just another retarded video Discord: https://discord.gg/nCgHUQz79X Instagram: ...",,,1,"['Entertainment', 'memes']",27.0,
or1M9kCjFDs,World Slander,All for entertainment purposes. Songs Used: I love Poland Tay K Returns to Dreamland 4.,,,1,"['Entertainment', 'memes']",27.0,
SuraqU5px8w,Country Slander,I made another slander video but this time for countries! Subscribe and like #funny #country #countries #slander.,,,1,"['Entertainment', 'memes']",27.0,
x9zBEnDuIzE,India Slander 2,#india #indian #indianfood #funny #slander #lmao #indianarmy.,,,1,"['Entertainment', 'memes']",27.0,
iTyca6GZGh0,School Slander,"This video was created to spread the funny, not to offend! MY FAVORITE VIDEO: ...",,,1,"['Entertainment', 'memes']",27.0,
WJdPahaTaaE,India Slander 1,lol #slander #india #indian #lmao #memes #indianfood #something ...,,,1,"['Entertainment', 'memes']",27.0,
NALy88obwr0,SLANDER - Walk On Water ft. R√òRY & Dylan Matthew (Love Is Gone pt. 2) [Official Music Video],SLANDER - Walk On Water ft. R√òRY & Dylan Matthew (Official Music Video) Walk On Water (Audio): ...,,,1,"['Entertainment', 'memes']",27.0,
DWoO612DTpI,SLANDER & William Black - Back To U (Lyrics),Your Home For The Best Electronic Music With Lyrics! SLANDER & William Black - Back To U Lyrics / Lyric Video brought to you ...,,,1,"['Entertainment', 'memes']",27.0,
dSbs266-Ims,Gender Slander 2,Anything missing? Tell me in the comments and I will include it in the next video :),,,1,"['Entertainment', 'memes']",27.0,
W5HyEq3thHA,ULTIMATE India Slander 2,geography #slander #memes #india #indiamemes #lol #funny #viral #xd.,,,1,"['Entertainment', 'memes']",27.0,
GGDgnPm8yB0,SLANDER - Replay (with Dylan Matthew),SLANDER - Replay (with Dylan Matthew) Replay (Audio): https://slander.ffm.to/replay Video By: Roboto ...,,,1,"['Entertainment', 'memes']",27.0,
HpVxAyZe3Js,India Slander üáÆüá≥,New India Slander. Best India memes and slander. Which country should I do next?,,,1,"['Entertainment', 'memes']",27.0,
yJX-oB_zGUY,ILLENIUM B2B SLANDER - Decadence CO 2024 (Full Set),ILLENIUM B2B Slander Live at Decadence CO 2024! Started 2025 with the boys! HAPPY NEW YEAR! Follow ILLENIUM: ...,,,1,"['Entertainment', 'memes']",27.0,
_QCsafJEumE,Man slander,When you don't have time to make a new video so you just remake an old one #man #memes #amogus #,,,1,"['Entertainment', 'memes']",27.0,
y8RGCYKHQAg,SLANDER & SUBTRONICS - GRAVITY FT. JT ROACH,Gravity ft. JT Roach - SLANDER & SUBTRONICS out now on Gud Vibrations & Cyclops Recordings! STREAM/DL: ...,,,1,"['Entertainment', 'memes']",27.0,
_XjVw1jyElI,Music Slander,"don't get offended, just another retarded video Discord: https://discord.gg/nCgHUQz79X Instagram: ...",,,1,"['Entertainment', 'memes']",27.0,
j5YpDusOS5o,NNN Slander,Created with Clipchamp and Bandicam. #nnn #nonutnovembermemes #slander #funny #meme #memes.,,,1,"['Entertainment', 'memes']",27.0,
vuTQQRI64IU,United States Slander (All 50 States and DC),"Happy Independence Day! Sorry I'm late, I fell asleep while editing. I slandered all 50 states and Washington DC in ...",,,1,"['Entertainment', 'memes']",27.0,
VupLgvH5nV4,UK slander (real,"Yooo my slime I know you really don't know mandem like that, but I was wondering if I can purchase summin styl fam. Just a bit of ...",,,1,"['Entertainment', 'memes']",27.0,
EVEvJRUJvjE,Refraction Railway 5 Slander! [Limbus Company],"For real though, Refraction Railway 5 is kinda awesome. But like whoever designed wave 1 and 2 of section 2 needs a serious ...",,,1,"['Entertainment', 'memes']",27.0,
jPOaoHLrJ7c,SLANDER @ Ultra Music Festival Miami 2024 [ Full Set ],slander #dubstep #Ultra2024 #Miami.,,,1,"['Entertainment', 'memes']",27.0,
_Fn8tJWhQUA,SLANDER & RIOT - You Don't Even Know Me,#SLANDER & #RIOT - You Don't Even Know Me - Lyrics: Do you still have those nightmares baby Where you see me Do you still ...,,,1,"['Entertainment', 'memes']",27.0,
GgASxM_Ju_c,SLANDER - I'm sorry don't leave me I want you here with me (Lyrics) | Love Is Gone,I'm sorry don't leave me I want you here with me SLANDER - I'm sorry don't leave me I want you here with me (Lyrics) | Love Is ...,,,1,"['Entertainment', 'memes']",27.0,
Ry9hn4GkRMM,SLANDER & blackbear & Bring Me The Horizon - Wish I Could Forget (Official Music Video),SLANDER & blackbear & Bring Me The Horizon - Wish I Could Forget | Official Music Video ‚ÄúWish I Could Forget‚Äù ‚Äî the new ...,,,1,"['Entertainment', 'memes']",27.0,
qukzIFmsWQs,SLANDER - Halfway Down (with Ashley Drake),If I let go of it all Would you catch me? Would you hold me? or would you let me drown I'm halfway down #SLANDER ...,,,1,"['Entertainment', 'memes']",27.0,
or1M9kCjFDs,World Slander,All for entertainment purposes. Songs Used: I love Poland Tay K Returns to Dreamland 4.,,,1,"['Entertainment', 'memes']",27.0,
YDBUyruNWdc,SLANDER LIVE @ ULTRA EUROPE 2024 (FULL SET),"Hi guys here is the full set of Slander @ Ultra Europe 2024. Enjoy, share, comment, like, subscribe! Copyright Disclaimer: - Under ...",,,1,"['Entertainment', 'memes']",27.0,
j-5j0VlJxQA,"Seven Lions, SLANDER, & Dabin feat. Dylan Matthew - First Time (Acoustic) | Ophelia Records","Seven Lions, SLANDER, & Dabin feat. Dylan Matthew - First Time (Acoustic) [Official Audio] Seven Lions Official YouTube: ...",,,1,"['Entertainment', 'memes']",27.0,
5RrskTcnA0w,Europe Slander,slander #memes.,,,1,"['Entertainment', 'memes']",27.0,
-sHagClUhCI,Slander - Superhuman (feat. Eric Leva) [Monstercat Release],Genre: Future Bass ‚ñΩ Want some new Merchandise? http://monster.cat/MonstercatShop.,,,1,"['Entertainment', 'memes']",27.0,
oyxklxISius,"Seven Lions, SLANDER, & Dabin - First Time feat. Dylan Matthew | Ophelia Records",SLANDER Facebook: facebook.com/slanderofficial/ Twitter: twitter.com/Slanderofficial Instagram: instagram.com/slanderofficial/ ...,,,1,"['Entertainment', 'memes']",27.0,
SuraqU5px8w,Country Slander,I made another slander video but this time for countries! Subscribe and like #funny #country #countries #slander.,,,1,"['Entertainment', 'memes']",27.0,
JMh-fT0gXnU,SLANDER & Spag Heddy - Running To You (feat. Elle Vee),Running To You - Lyrics: we were never done you were always the one never done but too close to the sun i keep runnin to you ...,,,1,"['Entertainment', 'memes']",27.0,
ZH0eigtCH14,"SLANDER, William Black - Keep You Warm (Lyrics) ft. Jordan Shaw","‚ö°Ô∏èI'd set myself on fire for you, just to keep you warm Click the bell to stay updated on the best Lyrics / Lyric Videos from ...",,,1,"['Entertainment', 'memes']",27.0,
Ifw3fBVjJZU,SLANDER & Synmata - Never Give Up On You (with Elle Vee) (Official Visualizer),Stream/Download: https://slander.ffm.to/nguoy Subscribe Here | http://www.youtube.com/slanderofficial?sub_confirmation=1 ...,,,1,"['Entertainment', 'memes']",27.0,
wNKuE0tRYPg,SLANDER & GANJA WHITE NIGHT - MISS YOU,Miss You - SLANDER & Ganja White Night out now on Gud Vibrations & SubCarbon! STREAM/DL: gudvibrations.io/missyou ...,,,1,"['Entertainment', 'memes']",27.0,
QShq1KGbEOk,Gryffin & Slander - All You Need To Know ft. Calle Lehmann (Official Music Video),Gryffin & Slander - All You Need To Know ft. Calle Lehmann (Official Music Video) ‚ÄúAlive‚Äù the album is out now: ...,,,1,"['Entertainment', 'memes']",27.0,
6xdEh2g7iBE,SLANDER - Love Is Gone (Acoustic / Lyrics) ft. Dylan Matthew,‚ö°Ô∏èDon't tell me that your love is gone Click the bell to stay updated on the best Lyrics / Lyric Videos from WaveMusic!,,,1,"['Entertainment', 'memes']",27.0,
k-7ruQnktk8,Turkey Slander,"I guess everyone is aware of the ""Country Slander"" trend now. I wanted to join this popular trend with the video I made about the ...",,,1,"['Entertainment', 'memes']",27.0,
7chgslB2wA0,Better Than Heaven,Provided to YouTube by Label Engine Better Than Heaven ¬∑ SLANDER ¬∑ Jason Ross ¬∑ JT Roach Better Than Heaven ‚Ñó Gud ...,,,1,"['Entertainment', 'memes']",27.0,
3AnKy-mzUXQ,"SLANDER, Dylan Matthew - Love Is Gone (Acoustic) (Karaoke Version)","About Sing King Karaoke: Welcome to the official Sing King Karaoke YouTube channel! On this channel, you'll find a variety of ...",,,1,"['Entertainment', 'memes']",27.0,
OmGyZo1MvMQ,"Slander, Jason Ross - Better Than Heaven (Lyrics) ft. JT Roach","Your Home For The Best Electronic Music With Lyrics! Slander, Jason Ross - Better Than Heaven (ft. JT Roach) Lyrics / Lyric ...",,,1,"['Entertainment', 'memes']",27.0,
YANB0WnRUP8,Australia / Oceania Slander,MOST ACCURATE AUSSIE SLANDER AY MATE (Sub to me so I can move to Katoomba pls) #slander #australiameme.,,,1,"['Entertainment', 'memes']",27.0,
lQtFKVc175c,EXCISION & SLANDER - YOUR FAULT FT. ELLE VEE,Stream / Download: http://smarturl.it/yourfault Follow the SLANDER radio playlist on Spotify: ...,,,1,"['Entertainment', 'memes']",27.0,
S4s55QgHQFw,Spain Slander,"If anybody is offended by the contents of this video and say stuff like ""oh you are racist to spaniards"", juts to let know, I am from ...",,,1,"['Entertainment', 'memes']",27.0,
XyfWV_BTLd0,SLANDER & Said the Sky - Potions (ft. JT Roach) [Official Music Video],SLANDER & Said the Sky - Potions (ft. JT Roach) Potions (Audio) Worldwide Release: May 31 THE ALCHEMY TOUR: SOCAL ON ...,,,1,"['Entertainment', 'memes']",27.0,
cMFjQFUu_ZU,Advanced UK Slander,Most accurate British slander. Give me a sub!!! Much more epic content coming soon draingang #ukslander #slander ...,,,1,"['Entertainment', 'memes']",27.0,
1gBAoW5vfuQ,NGHTMRE & SLANDER - Gud Vibrations (Official Full Stream),The official Mad Decent YouTube release of NGHTMRE & SLANDER - Gud Vibrations. Stream the full track and other artist ...,,,1,"['Entertainment', 'memes']",27.0,
yJX-oB_zGUY,ILLENIUM B2B SLANDER - Decadence CO 2024 (Full Set),ILLENIUM B2B Slander Live at Decadence CO 2024! Started 2025 with the boys! HAPPY NEW YEAR! Follow ILLENIUM: ...,,,1,"['Entertainment', 'memes']",27.0,
y8RGCYKHQAg,SLANDER & SUBTRONICS - GRAVITY FT. JT ROACH,Gravity ft. JT Roach - SLANDER & SUBTRONICS out now on Gud Vibrations & Cyclops Recordings! STREAM/DL: ...,,,1,"['Entertainment', 'memes']",27.0,
Ar1-fZ8wJzg,SLANDER & Au5 - Anywhere ft. shYbeast & PLYA,heavensent.lnk.to/anywhere Subscribe Here | http://www.youtube.com/slanderofficial?sub_confirmation=1 SLANDER,,,1,"['Entertainment', 'memes']",27.0,
0E-ZmsRvpxg,Belgium Slander (real),Things I'd like to slander about.,,,1,"['Entertainment', 'memes']",27.0,
9B_mvkCvA80,Philippines slander 3 (Province Edition),Chicken Inasal in Bacolod is yum.,,,1,"['Entertainment', 'memes']",27.0,
SZJ7ExQTgnc,Slander - Bad Weather,"""Bad Weather"" primo video estratto dall'omonimo Ep in uscita il 6 Luglio 2016 per Powertrip Records, Trivel, Mustard Mustache e ...",,,1,"['Entertainment', 'memes']",27.0,
7xxLwA1DCtc,Country Slander 3,You guys seriously enjoy these country slander videos. SO HERE IS A PART 3!!!! #funny #country #countries #slander #part3.,,,1,"['Entertainment', 'memes']",27.0,
Djt62zqVc2k,Superhuman (feat. Eric Leva),Provided to YouTube by TuneCore Superhuman (feat. Eric Leva) ¬∑ Slander ¬∑ Eric Leva Superhuman (feat. Eric Leva) ‚Ñó 2017 ...,,,1,"['Entertainment', 'memes']",27.0,
i11Wo7ewTSo,Germany Slander,"Every German knows that their greatest enemies are, the Germans from the city next door.",,,1,"['Entertainment', 'memes']",27.0,
WJdPahaTaaE,India Slander 1,lol #slander #india #indian #lmao #memes #indianfood #something ...,,,1,"['Entertainment', 'memes']",27.0,
tZENmx_HVkg,SLANDER - Walk On Water (Lyrics) feat. R√òRY & Dylan Matthew,Lyrics: SLANDER - Walk On Water (feat. R√òRY & Dylan Matthew) [Verse 1: R√òRY] In the middle of the night The storm is ...,,,1,"['Entertainment', 'memes']",27.0,
PHHcTCnxO9M,Slander - Love Again (ft. Wavz),Subscribe here: http://trapcity.tv/subscribe Free Download: http://trapcity.tv/TLzdR ‚û• Become a fan of Trap City: ...,,,1,"['Entertainment', 'memes']",27.0,
ykDifHp-p-U,ROBLOX SLANDER (slightly offensive),roblox slander *slightly offensive memes* these memes might be offensive for some people you have been warned #memes ...,,,1,"['Entertainment', 'memes']",27.0,
WKCqHaMou7M,2024 US Election Slander,2024 US Election Slander. What a wild ride. Sir Swag Academy: https://www.youtube.com/@sirswagacademy Twitter: ...,,,1,"['Entertainment', 'memes']",27.0,
YFPDzDfgiMU,Math Slander,Math Slander for math men.,,,1,"['Entertainment', 'memes']",27.0,
DhWpLa5Jh9Y,"ILLENIUM, Krewella and Slander- Lay It Down (Official Audio)",LYRICS Lately I've been Scaring myself Going through changes But I need to let you know Maybe I'm in The dark no lighthouse I ...,,,1,"['Entertainment', 'memes']",27.0,
lDLT4GKIaYQ,UK Slander 2 (even realler,For all of you who still decided to stay in the UK after the last video this is for you. You should all be ashamed of yourselves ...,,,1,"['Entertainment', 'memes']",27.0,
Gbl0NEsaE6g,Aviation Slander,Thought it was about time to revive the iconic slander series goofy ahh plane lol Ice711 Discord (13+): https://discord.gg/ice711 ...,,,1,"['Entertainment', 'memes']",27.0,
J-STI5eZFfw,"Gryffin, SLANDER - All You Need To Know (Audio) ft. Calle Lehmann",Stream & Download Http://Gryffin.lnk.to/AllYouNeedtoKnow Director: Jordan Miles Rosenheck Agency: RYB Animation: TOLM ...,,,1,"['Entertainment', 'memes']",27.0,
y_7n_t59tPs,SLANDER & Spag Heddy - Running To You (feat. Elle Vee),"""Running To You"" available to stream/buy: ‚ûò Store: https://monstercat.ffm.to/runningtoyou ‚óã Subscribe for more: ...",,,1,"['Entertainment', 'memes']",27.0,
ycGmNDXVSOo,Minecraft Shorts Youtubers SLANDER,"This video is featuring camman18 aka pink guy, mogswamp aka superflat guy, gerg, renokas1 aka renokas, vivilly, amcobalt the ...",,,1,"['Entertainment', 'memes']",27.0,
Lyp9f7zSlG8,Canada slander (accurate),nova scotia mfs when i forgot about them.,,,1,"['Entertainment', 'memes']",27.0,
Uc0cq4Au0_g,Slander - Superhuman (Lyrics / Lyric Video) feat. Eric Leva,"Not your usual track from Slander, but I dig it! I always love when artists stray from their usual sound a bit. Plus, Eric Leva's vocals ...",,,1,"['Entertainment', 'memes']",27.0,
a5uRyaThmLo,SLANDER & SYNYMATA - WHEN I'M WITH YOU FT. NEVERWAVES,Listen/DL: https://heavensent.lnk.to/wiwy Follow the SLANDER Radio Playlist on Spotify ...,,,1,"['Entertainment', 'memes']",27.0,
JeeBVSNk46I,Slander & Said The Sky - Potions (Lyrics) Ft. JT Roach,Your Home For The Best Electronic Music With Lyrics! Slander & Said The Sky - Potions (Ft. JT Roach) Lyrics / Lyric Video brought ...,,,1,"['Entertainment', 'memes']",27.0,
F651UH2CF_o,SLANDER - Watch Over Me (with JT Roach),SLANDER - Watch Over Me (with JT Roach) Thrive (Album audio): https://slander.ffm.to/thrive Video By: Roboto ...,,,1,"['Entertainment', 'memes']",27.0,
95ddu10Zxf4,Slander - The Rush,"Slander - The Rush Venice Hardcore DIY video Video editing: Leonardo Amati Camera: Daniele Bagolin, Filippo Bano, Leonardo ...",,,1,"['Entertainment', 'memes']",27.0,
nSAYRU2a0Ws,Slander Feat. Dylan Matthew - Love is Gone (Acoustic) [Sub. Espa√±ol-Ingl√©s],"Es de una canci√≥n conocida pero en esta ocasi√≥n en su versi√≥n Acoustic, espero les agrade y me apoyen suscribiendose al ...",,,1,"['Entertainment', 'memes']",27.0,
LHXs-Ki1PRE,Country Slander (DARK HUMOR),"slander #roblox #yba #funni #centroamerica New slander vid AGAIN, WARNING, DONT WATCH IF YOU ARE A BIT SOFT.",,,1,"['Entertainment', 'memes']",27.0,
ejGZu1uZk94,SLANDER & Crankdat - Kneel Before Me (feat. Asking Alexandria) [Monstercat x Sumerian Release],Genre: #Dubstep ‚ñΩ Want some new Merchandise? https://monster.cat/MonstercatShop ‚ñΩ Download with Gold!,,,1,"['Entertainment', 'memes']",27.0,
9PWiy_qW8ls,Germany Slander,"Obviously this video is purely satire, and isn't meant to be taken seriously. Except for Bielefeld, Bielefeld doesn't exist.",,,1,"['Entertainment', 'memes']",27.0,
VupLgvH5nV4,UK slander (real,"Yooo my slime I know you really don't know mandem like that, but I was wondering if I can purchase summin styl fam. Just a bit of ...",,,1,"['Entertainment', 'memes']",27.0,
Yr5NqP2lELs,"SLANDER, Nikademis, Poo Bear - If Tomorrow Never Happens (Official Visualizer)","SLANDER, Nikademis, Poo Bear If Tomorrow Never Happens (Official Visualizer) Listen/DL: ...",,,1,"['Entertainment', 'memes']",27.0,
v7sx-hwcrd4,SLANDER - Before Dawn,SLANDER - Before Dawn Before Dawn (Audio): https://slander.ffm.to/beforedawn Video By: Roboto ...,,,1,"['Entertainment', 'memes']",27.0,
AY-klthxyWk,Svdden Death & Slander - Blood On Me,#svddendeath #slander #bloodonme #dubstepgutter #dubstep #edm #dubstepmusic #dubstepremix #dsg #remix #music #mix ...,,,1,"['Entertainment', 'memes']",27.0,
dO0wlRGJLTs,SLANDER - Love Is Gone ft. Dylan Matthew (R3HAB Remix) [Official Visualizer],LYRICS: Don't go tonight Stay here one more time Remind me what it's like And let's fall in love one more time I need you now by ...,,,1,"['Entertainment', 'memes']",27.0,
UqFDrnUZBbE,Famicom Music Slander,NES Music Slander 3.,,,1,"['Entertainment', 'memes']",27.0,
EekzwrWhb0k,SLANDER Presents: Starbase,"STARBASE SOCAL April 25th-26th 2025 Lake Perris, CA Register for Presale: https://laylo.com/starbase/2025-presale Festival ...",,,1,"['Entertainment', 'memes']",27.0,
FufbYmU-PXw,Slander Feat. Dylan Matthew - Love Is Gone (Acoustic) [TRADU√á√ÉO PT-BR),Ôæü:*ÔΩ°.: i‡∏ósœÑŒ±grŒ±–º: @lyrics.statusv ‚úß‚ô¨‚Ä¢*¬®*‚Ä¢.ÔΩ°ÔæüÔΩ•. .ÔΩ°.:*ÔΩ•ÔΩ•*:.ÔΩ°. .ÔΩ°.:*ÔΩ•ÔΩ•*:.ÔΩ° ‚úß ‚úß*.‚úß. . ‚úß. ‚úß. ‚û∂‚û∂‚û∂ ‚ú∑ ‚ú∑ ‚ú∑ ‚Ä¢*¬®* ‚ô¨‚Ä¢ ‚ô¨. ‚ô¨‚Ä¢ OL√Å ...,,,1,"['Entertainment', 'memes']",27.0,
jPOaoHLrJ7c,SLANDER @ Ultra Music Festival Miami 2024 [ Full Set ],slander #dubstep #Ultra2024 #Miami.,,,1,"['Entertainment', 'memes']",27.0,
eo-S07sWCG8,SLANDER & Trivecta - A Better World ft. Chris Howard,SLANDER & Trivecta A Better World ft. Chris Howard Stream/DL: https://heavensent.ffm.to/abetterworld Subscribe Here ...,,,1,"['Entertainment', 'memes']",27.0,
R8hgEnKHXVg,SLANDER & Fairlane - Hurts Sometimes (Lyrics) feat. Jonathan Mendelsohn,Your Home For The Best Electronic Music With Lyrics! SLANDER & Fairlane - Hurts Sometimes (feat. Jonathan Mendelsohn) ...,,,1,"['Entertainment', 'memes']",27.0,
F_YaKsI65WA,Slander & Dylan Matthew - Love is Gone (Kaskade Remix) [Official Video],WOW. This video and remix is absolutely incredible. The remix pack for Love Is Gone is absolutely insane and Kaskade's remix ...,,,1,"['Entertainment', 'memes']",27.0,
e5yhS-XSOqA,"SLANDER, Nikademis, & Poo Bear - If Tomorrow Never Happens (Official Music Video)","SLANDER, Nikademis, Poo Bear If Tomorrow Never Happens (Official Music Video) Listen/DL: ...",,,1,"['Entertainment', 'memes']",27.0,
vuTQQRI64IU,United States Slander (All 50 States and DC),"Happy Independence Day! Sorry I'm late, I fell asleep while editing. I slandered all 50 states and Washington DC in ...",,,1,"['Entertainment', 'memes']",27.0,
rS9t176LxGM,Post Malone - I Fall Apart (SLANDER Remix),Epilepsy Warning The visuals accompanied with the track may trigger seizures to those with photosensitive epilepsy. Please ...,,,1,"['Entertainment', 'memes']",27.0,
PZlMXo6Qdto,Love Is Gone - SLANDER ft. Dylan Matthew [‡πÅ‡∏õ‡∏•‡πÑ‡∏ó‡∏¢]," ü è Ä…™·¥ÑÍú±: …¢·¥è·¥è…¢ ü·¥á ·¥ò…™·¥Ñ·¥õ·¥ú Ä·¥á: ·¥ò…™…¥·¥õ·¥á Ä·¥áÍú±·¥õ ·¥Ö·¥è- ú è·¥á·¥è…¥,…™·¥ú ·¥è Ä…™…¢…™…¥·¥Ä ü: ...",,,1,"['Entertainment', 'memes']",27.0,
_ytxC-RunBM,Marvel Rivals Slander,cool game ngl.,,,1,"['Entertainment', 'memes']",27.0,
ZpznH38YZJo,JEE SLANDER || ft. @lilnasx,"This video has been made with the sole purpose of fun and entertaiment and does not intend to hurt anyone's emotion, feelings.",,,1,"['Entertainment', 'memes']",27.0,
2Ue8zJcCAsk,Singapore Slander,Here we have the ultimate Singapore slander video! Similar to ASEAN and Southeast Asia slander. To view the video on Tiktok as ...,,,1,"['Entertainment', 'memes']",27.0,
JPP-tTzWng0,October London - Slander My Name (Official Visualizer),#OctoberLondon #OctoberNights.,,,1,"['Entertainment', 'memes']",27.0,
hmaoKuId6l8,dandy's world slander,"if you're from this channel and only watch my rooms content, i do not recommend you to watch this since you wouldn't understand ...",,,1,"['Entertainment', 'memes']",27.0,
N_1TLkvjEUs,SLANDER & Fairlane - Heaven Feels Like (Lyrics),Lyrics SLANDER & Fairlane - Heaven Feels Like (That's what heaven feels like) Two lost souls in the darkness Looking for stars ...,,,1,"['Entertainment', 'memes']",27.0,
PHHcTCnxO9M,Slander - Love Again (ft. Wavz),Subscribe here: http://trapcity.tv/subscribe Free Download: http://trapcity.tv/TLzdR ‚û• Become a fan of Trap City: ...,,,1,"['Entertainment', 'memes']",27.0,
eGyWUoTrqVM,What is Slander or Oral Defamation?,"Have you been defamed? What is the liability of the person who defames another person? In this video, Your_Lawyer discusses ...",,,1,"['Entertainment', 'memes']",27.0,
NDNwy6fr9ug,SLANDER - Kill Me With Silence (with Medyk),SLANDER - Kill Me With Silence (with Medyk) Thrive (Album audio): https://slander.ffm.to/thrive Video By: Roboto ...,,,1,"['Entertainment', 'memes']",27.0,
3tZfx23IyOI,Plane Slander,don't forget to unsubscribe i mean subscribe rip plane Ice711 discord server: https://discord.gg/uMA3Z2yjBb.,,,1,"['Entertainment', 'memes']",27.0,
5vqUeKMOhLw,SLANDER - Replay (Lyrics) with Dylan Matthew,"‚ö°Ô∏èAnd all these years, I thought I knew you Click the bell to stay updated on the best Lyrics / Lyric Videos from WaveMusic!",,,1,"['Entertainment', 'memes']",27.0,
j9TV5tIzHhM,"YFG Fatso - Unusual Slander ""Free3.0"" (Official Music Video)","8 block Princeton yk how we make shi ""cmon"" - YFG Fatso Legendary Line.",,,1,"['Entertainment', 'memes']",27.0,
pDZ-AExtTgc,Chemistry Slander,"Mr. White might give out extra credit if you show him that you watched this video. Remember to tell him, ""Chemistry was invented ...",,,1,"['Entertainment', 'memes']",27.0,
efQRss-0oVs,World History Slander,The return of the Slander video. We got World History for you guys today. Let me know if you want another one or a more specific ...,,,1,"['Entertainment', 'memes']",27.0,
RrhWRrF4zRM,Country Slander 7,"Fresh off the oven is a brand new country slander!!!! part 7!!! Credit to seapicklofficial91 for coming up with the idea at 0:13 Again, ...",,,1,"['Entertainment', 'memes']",27.0,
EekzwrWhb0k,SLANDER Presents: Starbase,"STARBASE SOCAL April 25th-26th 2025 Lake Perris, CA Register for Presale: https://laylo.com/starbase/2025-presale Festival ...",,,1,"['Entertainment', 'memes']",27.0,
yr6wSdcpEvY,Canada Slander,It's true.,,,1,"['Entertainment', 'memes']",27.0,
Y-Qodwi4mEA,Love Is Gone - SLANDER ft. Dylan Matthew (KARAOKE VERSION),#LoveIsGone #Slander #DylanMatthew #Karaoke.,,,1,"['Entertainment', 'memes']",27.0,
4s6GXH7unC4,Advanced UK Slander (UNI EDITION),MOST ACCURATE UK SCHOOL SLANDER!!! Sub to me so I can afford more than a meal deal for dinner !!!! #,,,1,"['Entertainment', 'memes']",27.0,
xnP3XMMnq9Y,Nothing Hurts Like Goodbye (with Kiiara),Provided to YouTube by Repost Network Nothing Hurts Like Goodbye (with Kiiara) ¬∑ SLANDER ¬∑ Kiiara ¬∑ Roxanne Emery Thrive ...,,,1,"['Entertainment', 'memes']",27.0,
Fc_AzoQHLcA,SLANDER - Love is Gone (Lyrics) Ft. Dylan Matthew,SLANDER - Love is Gone (Lyrics) ft. Dylan Matthew ‚ñΩ Kerenza Music Lyrics: [Verse] Don't go tonight Stay here one more time ...,,,1,"['Entertainment', 'memes']",27.0,
A_nqmLvlQQM,Alliance Slander,Intentionally alienating 33 % of my playerbase because it's very funny Songs: Mr Voletron - Stormwind Remix ...,,,1,"['Entertainment', 'memes']",27.0,
ly2ce4I4WbE,Country Slander 5,The long awaited (by long awaited I mean 2 days) part 5 to my country slander series which you guys REALLY REALLY enjoy!,,,1,"['Entertainment', 'memes']",27.0,
P6PbsKz7RLQ,High School Slander,"I love Slander videos, so I recently decided to make one about High School. I tried to make this as relatable as possible. Enjoy.",,,1,"['Entertainment', 'memes']",27.0,
K5wW0xWxW-o,Europe Slander 2,Real Irish slander please dont come for me this one was mostly eastern europe real slav DISCLAIMER: This video is 100% ...,,,1,"['Entertainment', 'memes']",27.0,
jAL0jKKnnRE,Vietnam Slander,yes YES YES YES YES IT'S 2023 #slander #memes #vietnam.,,,1,"['Entertainment', 'memes']",27.0,
iMSWnHL5YkM,Slander - Superhuman (Gammer Remix) [feat. Eric Leva] [Monstercat Release],Genre: Hard Dance ‚ñΩ Want some new Merchandise? http://monster.cat/MonstercatShop.,,,1,"['Entertainment', 'memes']",27.0,
pIWhsDwSS0A,YouTube ITA Slander,The slander of Italian youtubers (I'm italian) Lo slander degli youtuber italiani Parte 2: https://youtu.be/urEFLpI7yt8 If you liked plz ...,,,1,"['Entertainment', 'memes']",27.0,
wRtJT38V3CE,SLANDER & Crankdat - Kneel Before Me (feat. Asking Alexandria),#slander #crankdat #askingalexandria #kneelbeforeme #dubstepgutter #dubstep #edm #dubstepmusic #dubstepremix #dsg ...,,,1,"['Entertainment', 'memes']",27.0,
IORodnluajg,Germany Slander,Best Germany memes and slander. Which country should be next?,,,1,"['Entertainment', 'memes']",27.0,
zK0eedC9V7w,Italy slander,"La secchia rapita √® un poema in ottave di argomento eroicomico, scritto da Alessandro Tassoni. Una prima stesura √® del 1614, ...",,,1,"['Entertainment', 'memes']",27.0,
_PIre3woSk8,The Ultimate Prison Roleplay: Escape Plan Slander,roblox #prison #slander #memes tags: roblox prison life prison roleplay escape plan slander.,,,1,"['Entertainment', 'memes']",27.0,
LjRuDWb7FTE,SLANDER & Riot - High Voltage ft. JT Foley,SLANDER & RIOT - High Voltage ft. JT Foley Listen/DL: slander.ffm.to/highvoltage Subscribe Here ...,,,1,"['Entertainment', 'memes']",27.0,
ItrKCbgH4NE,SLANDER & Fairlane - Heaven Feels Like (Lyrics),AirwaveMusicTV - Music for your heart. Spotify Playlists Melodic Dubstep: https://spoti.fi/2RFFG7x Gaming Music: ...,,,1,"['Entertainment', 'memes']",27.0,
_gypISIPOmU,Calculus Slander,Calculus is the part where people who don't like math start to find it interesting or people who like math decide to quit. All I can ...,,,1,"['Entertainment', 'memes']",27.0,
QqruzxpvaaA,ULTIMATE Irish Slander,All 32 Counties made fun of by yours truly Enjoy! #ireland #slander.,,,1,"['Entertainment', 'memes']",27.0,
ShazT3nTPHY,"CNN Found Liable of Defamation, Ordered to Pay Navy Vet Millions","A jury reached a verdict on Friday afternoon in the case against CNN, following claims by plaintiff Zachary Young that the popular ...",,,1,"['Entertainment', 'memes']",27.0,
vxLgxE4a_TI,Walk On Water (Wooli & Trivecta Remix),Provided to YouTube by Repost Network Walk On Water (Wooli & Trivecta Remix) ¬∑ SLANDER ¬∑ Wooli ¬∑ Trivecta ¬∑ SLANDER ...,,,1,"['Entertainment', 'memes']",27.0,
Ih7L1P7HK3Q,Slander,Provided to YouTube by CDBaby Slander ¬∑ Jerry Margarita Slander ‚Ñó 2022 Jerry Margarita Released on: 2022-12-02 ...,,,1,"['Entertainment', 'memes']",27.0,
zeK-tkfnZ2U,MH weapons slander,yes #monsterhunter #slander #meme.,,,1,"['Entertainment', 'memes']",27.0,
5D_We-uqJYE,RAP FAN SLANDER 2024,rap #slander #travisscott #kanyewest #drake #kendricklamar #dontoliver All the other slander vids: ...,,,1,"['Entertainment', 'memes']",27.0,
gn7nhzLHETw,SLANDER - Love Is Gone ft. Dylan Matthew (Acoustic Cover by Loi),SLANDER - Love Is Gone ft. Dylan Matthew (Acoustic Cover by Loi) Follow me: ‚ñªInstagram: https://bit.ly/Loi_IG ‚ñªTikTok: ...,,,1,"['Entertainment', 'memes']",27.0,
-vYgURUSG8g,Polskie reklamy slander,ta?,,,1,"['Entertainment', 'memes']",27.0,
7dOre9o_-X0,Love Is Gone - SLANDER ft. Dylan Matthew | Shania Yan Cover,If you like this video please LIKE COMMENT & SUBSCRIBE Share this video to your family and friends :)) Listen to my latest music ...,,,1,"['Entertainment', 'memes']",27.0,
wL7Co2asUWE,College Slander Part 2,"don't get offended, just another retarded video Discord: https://discord.gg/nCgHUQz79X Instagram: ...",,,1,"['Entertainment', 'memes']",27.0,
8wsUzobzwCE,Love is Gone - Slander ft. Dylan Matthew (Slowed and Reverb) //Lyrics//,"Lyrics Don't go tonight Stay here one more time Remind me what it's like, oh And let's fall in love one more time I need you now by ...",,,1,"['Entertainment', 'memes']",27.0,
4fC3XbI9vwo,SLANDER - Replay (SampliFire Remix),SLANDER - Replay (SampliFire Remix) Listen/DL: slander.ffm.to/thrivermxs Subscribe Here ...,,,1,"['Entertainment', 'memes']",27.0,
HUj6vR9aE14,Engineering College Slander Part 1,this one's for the boys Music by Naz3nt: https://www.youtube.com/naz3nt https://soundcloud.com/trashz3nt/tracks.,,,1,"['Entertainment', 'memes']",27.0,
mu-wQL9u1oI,"Walk on Water x Clarity x Ghost x LIMBO | SLANDER, Zedd, Justin Bieber, keshi (luxace Mashup)","Bass Bangers Walk on Water x Clarity x Ghost x LIMBO | SLANDER, Zedd, Justin Bieber, keshi (luxace Mashup) Songs ...",,,1,"['Entertainment', 'memes']",27.0,
3o7U5aN7Les,Love Is Gone - Slander (ROCK COVER BY POINTS OF CONCEPTION),Slanders - Love Is Gone as a rock version by Points Of Conception Stream here: ...,,,1,"['Entertainment', 'memes']",27.0,
_O7a-yMcJ30,"CNN in Freefall as it LOSES Defamation Case and Jim Acosta's Smug Monologue, with Maureen Callahan",Megyn Kelly is joined by The Daily Mail columnist Maureen Callahan to discuss breaking news of CNN losing millions in a ...,,,1,"['Entertainment', 'memes']",27.0,
FWyJw6jebxQ,Unusual Slander (FREE 3.0),Provided to YouTube by Foundation Media LLC Unusual Slander (FREE 3.0) ¬∑ YFG FATSO Unusual Slander (FREE 3.0) ‚Ñó 2024 ...,,,1,"['Entertainment', 'memes']",27.0,
zqiVIGE2aNg,Chemical Engineering Slander,"People have the audacity to put ""chemical"" in the title of their degree but are only good at finding flow rates and know nothing ...",,,1,"['Entertainment', 'memes']",27.0,
QHQPL5kDxfY,Without You,"Provided to YouTube by Monstercat, Inc. Without You ¬∑ SLANDER ¬∑ Kayzo Without You ‚Ñó 2017 Monstercat Released on: ...",,,1,"['Entertainment', 'memes']",27.0,
sNbuaRl5s88,Slander x Kayzo - Without You (Lyrics / Lyric Video) feat. Dylan Matthew,Your Home For The Best Electronic Music With Lyrics! Slander x Kayzo - Without You (feat. Dylan Matthews) Lyrics / Lyric Video ...,,,1,"['Entertainment', 'memes']",27.0,
kCH5rAX3M5I,SLANDER - Love Is Gone (Barely Alive Remix),SLANDER - Love Is Gone (Barely Alive Remix) ‚Üí Available now! Listen everywhere! https://slander.ffm.to/thrivermxs Spotify: ...,,,1,"['Entertainment', 'memes']",27.0,
un4ZgxVTPIE,Mechanical Engineering Slander - Part 1,"What do you mean you didn't have a class on welding, or CAD, or the design process, or file management, or machining, or GD&T ...",,,1,"['Entertainment', 'memes']",27.0,
xvJ-I5vS4kU,Swords Slander,"A short Slander about Swords Hema best sport #hema #sword #fencing #slander tags(ignore): swords, sword, hema, katana, ...",,,1,"['Entertainment', 'memes']",27.0,
P92L7OrdbRM,Linux Distro Slander...,Finally it's here! Join the membership to support the content - youtube.com/@Virbox/join Background music: !Cube / Trauma ...,,,1,"['Entertainment', 'memes']",27.0,
vuTQQRI64IU,United States Slander (All 50 States and DC),"Happy Independence Day! Sorry I'm late, I fell asleep while editing. I slandered all 50 states and Washington DC in ...",,,1,"['Entertainment', 'memes']",27.0,
WJdPahaTaaE,India Slander 1,lol #slander #india #indian #lmao #memes #indianfood #something ...,,,1,"['Entertainment', 'memes']",27.0,
C7SqDi8sIEs,"CNN loses defamation trial, docs reveal network finances in steep decline",A Florida jury found CNN liable for defamation and ordered the network to pay $5 million in damages. The jury also ruled that ...,,,1,"['Entertainment', 'memes']",27.0,
H-W0B4ZSrSc,Country Slander 8,A couple of days has past since my last Country Slander so here we are with part 8! Credit to InfernoCup for coming up with the ...,,,1,"['Entertainment', 'memes']",27.0,
7XCdYe-V2bA,Marval Rivals Slander,"I know this ain't no fnf video but Rivals is freaking peak, had to make this can't forget the tag stuff #marvel #marvelrivals ...",,,1,"['Entertainment', 'memes']",27.0,
BRH1Rv_9a10,College Majors Slander,‚Ä¢ Song: Mitigated Suffering - Alge #memes #meme #memesdaily #memesvideo #slander #roast #roasting #roastvideo ...,,,1,"['Entertainment', 'memes']",27.0,
RxWLhddfFLY,Linux Slander,Support Virbox ‚Üí https://www.youtube.com/@Virbox/join Support Ukraine ...,,,1,"['Entertainment', 'memes']",27.0,
IunUwb1UYJc,Chess Slander,Don't hate the player hate the game! Enjoy a serving of my chess slander. Subscribe for more funny and more chess. chess ...,,,1,"['Entertainment', 'memes']",27.0,
LlQPQEeMcHM,Airline Slander,rip Ice711 discord server: https://discord.gg/uMA3Z2yjBb.,,,1,"['Entertainment', 'memes']",27.0,
GL7t8Ln2jWU,SLANDER - Love Is Gone ft. Dylan Matthew (Ti√´sto Remix) [Official Visualizer],LYRICS: Don't go tonight Stay here one more time Remind me what it's like And let's fall in love one more time I need you now by ...,,,1,"['Entertainment', 'memes']",27.0,
eM5doocwvhM,Video Game Slander,"don't get offended, just another retarded video Discord: https://discord.gg/nCgHUQz79X Instagram: ...",,,1,"['Entertainment', 'memes']",27.0,
JdfapQbl6mo,Poland slander,Hey guys! this video is just joke so please don't be offend.,,,1,"['Entertainment', 'memes']",27.0,
NfT8pdPfNdI,Australia slander,Aussie slander. What more can I say? #countryslander #country #australia #australian #aussie.,,,1,"['Entertainment', 'memes']",27.0,
fEmJQrKrce4,Stardew Valley Slander,meme #help #stardewvalley #valley #stardew #slandermeme #slander.,,,1,"['Entertainment', 'memes']",27.0,
bupoDDCOlAo,Electrical Engineering Slander,Is electrical engineering even real? Invisible forces? Imaginary numbers? Phasors? Kirchhoff's laws? Magnets? Capacitors?,,,1,"['Entertainment', 'memes']",27.0,
4HsuxMHjNbM,[Article 358] Slander: Criminal Law Discussion,"MULTIPLE CHOICE QUESTIONS ‚ùáÔ∏èCriminal Law, Jurisprudence and Procedure: https://shope.ee/3pueiHERAT ...",,,1,"['Entertainment', 'memes']",27.0,
R8hgEnKHXVg,SLANDER & Fairlane - Hurts Sometimes (Lyrics) feat. Jonathan Mendelsohn,Your Home For The Best Electronic Music With Lyrics! SLANDER & Fairlane - Hurts Sometimes (feat. Jonathan Mendelsohn) ...,,,1,"['Entertainment', 'memes']",27.0,
LFQ123wjLao,India Slander 3,It's great to be back! #india #politics #funny #indian.,,,1,"['Entertainment', 'memes']",27.0,
nxmOUiVXFlA,School Slander Meme Compilation,slander #slandermemes #memecompilation #roadto200k CREDITS TO: @svel @seal in french @ElvisUHD @DrMondroid ...,,,1,"['Entertainment', 'memes']",27.0,
C-V4Py4abHs,Another (Mostly) Linux Slander Meme,Thank you everyone for the support on the first video. I figured I'd do a sequel because why not? Song: Romance Sengen by ...,,,1,"['Entertainment', 'memes']",27.0,
64ueWegA8tg,youtube slander,broadcast yourself Second Channel: https://www.youtube.com/channel/UCsTjZ3jlXpTo1Dw2GRkFJFA Discord: ...,,,1,"['Entertainment', 'memes']",27.0,
Xm7pw0c1D9Q,Netherlands slander (original),"Don't copypasterino my video without the watermark. If you do, I will literally send you down the depths of the hell named Mostar, ...",,,1,"['Entertainment', 'memes']",27.0,
gWeEnlKDEMU,Programming Languages Slander,"Just a coding meme, no offenses intended :) Join my Discord Server here: https://discord.gg/xYNMgWHbyp Subscribe to my ...",,,1,"['Entertainment', 'memes']",27.0,
8wJrycmXpkY,ROBLOX SLANDER,slander videos are cool and i was bored as heck so i decided to make one lol like and sub if relatable.,,,1,"['Entertainment', 'memes']",27.0,
kiNSy83HAbQ,ultimate dandy's world slander (Dandy's World),"ultimate slander for just 1.99 dont take this video seriously, this was made for fun go play dandy's world: ...",,,1,"['Entertainment', 'memes']",27.0,
I07B6qfnCBM,Ultimate South East Asia Slander,Everybody gets sh*t on equally.,,,1,"['Entertainment', 'memes']",27.0,
XLWLVPABauI,The Exact Moment CNN Host Realizes He Might Be Trump‚Äôs Next Defamation Target,---------- #RubinReport #CNN #defamation #JakeTapper #Trump #lawsuit #mainstreammedia #DaveRubin The Direct Message ...,,,1,"['Entertainment', 'memes']",27.0,
yBP69b0TQ90,Calculus Slander ft Tom And Jerry,Calculus MAth slander.,,,1,"['Entertainment', 'memes']",27.0,
Ky6slP2HA58,"ABC and CNN Paying Millions to Settle Defamation Cases - Who Trump Could Sue Next, with Piers Morgan","Megyn Kelly is joined by Piers Morgan, host of ""Piers Morgan Uncensored,"" to talk about the significance of ABC News agreeing ...",,,1,"['Entertainment', 'memes']",27.0,
y2fvSzN7O5c,Physics Slander,Physics Slander for Physics Men.,,,1,"['Entertainment', 'memes']",27.0,
rEb8CMPrnG0,Philippines slander 6 (School Edition),'Bat may bato sa bag ko??,,,1,"['Entertainment', 'memes']",27.0,
o8NkDF_VyhM,–µ–≥—ç 2023 slander,"felt cute, might delete later.",,,1,"['Entertainment', 'memes']",27.0,
_PIre3woSk8,The Ultimate Prison Roleplay: Escape Plan Slander,roblox #prison #slander #memes tags: roblox prison life prison roleplay escape plan slander.,,,1,"['Entertainment', 'memes']",27.0,
dT48IWrrSMk,Switzerland Slander,Disclaimer: I do not own any of the footage. This video is not going to create any money or more gold for the Swiss banks and is ...,,,1,"['Entertainment', 'memes']",27.0,
ePoktcq2SVw,Malaysia slander (real),the lack of Malaysian slanders is what drove me to make this vid Music: https://youtu.be/-IudP7eYVLc Part II: ...,,,1,"['Entertainment', 'memes']",27.0,
3wGRDkzQLCI,Mathematics Slander 2,Math Slander Part 2: Leftover Jokes from Mathematics Slander 1 Calculus Slander in the future? Physics Slander: ...,,,1,"['Entertainment', 'memes']",27.0,
RGpMqOZbKpE,Portugal Slander,I made one for my country. Drew please make a Portugal series.,,,1,"['Entertainment', 'memes']",27.0,
YojZwzj7epM,"SLANDER & Said The Sky - Potions (Lyrics) William Black Remix, ft. JT Roach",Your Home For The Best Electronic Music With Lyrics! SLANDER & Said The Sky - Potions (William Black Remix) ft. JT Roach ...,,,1,"['Entertainment', 'memes']",27.0,
6_huHmqn1a0,Software Engineering Slander,Pointers? Github? Front end? Backend? Full stack? Infinite loops? I don't know what you're talking about! It's 2018 and it's time to ...,,,1,"['Entertainment', 'memes']",27.0,
Uqnoy-o3eYw,Country Slander 9,"Country Slander 10 will be my last country slander, it will include all 197 countries as one big final send of. I will continue to do ...",,,1,"['Entertainment', 'memes']",27.0,
Zx83wOjAs2k,STEM Slander Part 1,engineers amirite Music by Naz3nt: https://www.youtube.com/naz3nt https://soundcloud.com/trashz3nt/tracks.,,,1,"['Entertainment', 'memes']",27.0,
trBX2yHtauE,Advanced Scandinavian Slander,"MOST ACCURATE Sweden, Norway, Finland & Denmark slander! Subscribe for the BEST geographical content, and so that I can ...",,,1,"['Entertainment', 'memes']",27.0,
lidR3R-KGjU,Medieval Slander,Another History Slander? YES~ Song name: Hard Type Beat - Medieval Freestyle Trap Beat Thank you to my supporters!,,,1,"['Entertainment', 'memes']",27.0,
zYhDs0Ptdmk,Nuclear Engineering Slander,How do you make sigma radiation? The beta has to decay. Physics Slander: https://youtu.be/p8Lo7Fa4KGQ Mathematics,,,1,"['Entertainment', 'memes']",27.0,
KUdjBVJ4DI0,SLANDER - Love Is Gone ft. Dylan Matthew | EASY Piano Tutorial,Learn piano with Skoove ‚ñª https://www.skoove.com/#a_aid=phianonize ‚ô´ SHEET ‚ñª https://www.musicnotes.com/l/KBTpp ...,,,1,"['Entertainment', 'memes']",27.0,
_xoMCrCfQyA,Youtube brasil slander,Inscreva-se ou seja um corno.,,,1,"['Entertainment', 'memes']",27.0,
laYfJe298lg,Dandy's world slander but again,"This video did well before, lets see if we can do it again Once again, none of the art in the video is mine, do not credit me for it.",,,1,"['Entertainment', 'memes']",27.0,
gfGYFVdb67M,"Love Is Gone - SLANDER, Dylan Matthew (Piano Karaoke)","Piano karaoke and backing track for SLANDER and Dylan Matthew's hit song ""Love Is Gone"". If you're watching my videos for the ...",,,1,"['Entertainment', 'memes']",27.0,
s1MGTENLNLw,University/College Slander 6,Anything missing? Tell me in the comments and I will include it in the next video :) Song: Street Fighter 2 - Guile's Theme ...,,,1,"['Entertainment', 'memes']",27.0,
AN5WnzcIwAI,Italy Slander,"Italy #slander The slander of all 20 regions of Italy, enjoy. The flags are the gonfalons of each region. Romans, Genoans ...",,,1,"['Entertainment', 'memes']",27.0,
_5c1-2wGTxk,Dandy's world slander,"roblox #dandysworld #slander I considered putting cropped nsfw for the thumbnail, but decided against it. Am I the crazy one here ...",,,1,"['Entertainment', 'memes']",27.0,
z2cEufa2QaI,Poland slander,Slander or in polish it's pom√≥wienie znies≈Çawienie oszczerstwo pom√≥wienia This video has nothing to do with glorification of ...,,,1,"['Entertainment', 'memes']",27.0,
rh6xijYkvX8,Italy Slander,"This video is in a totally joking tone, you do not intend to insult any Italian with this video.",,,1,"['Entertainment', 'memes']",27.0,
h5yGuNfA3MQ,australia slander,part 2: https://youtu.be/9j-5epqTfaE.,,,1,"['Entertainment', 'memes']",27.0,
CoZFa7uQHbk,Computer Science Slander,if(internal_laughter)==true; then(cout(like_share)); //But *what* is code? Music by Naz3nt: https://www.youtube.com/naz3nt ...,,,1,"['Entertainment', 'memes']",27.0,
AvnpnNHhIVY,"[LYRICS] Seven Lions, SLANDER & Dabin - First Time (feat. Dylan Matthew)","- LYRICS - (Verse 1) In the darkness all I see is you You When I'm lost you lead me home It's true, ooh So don't stop now I'm ...",,,1,"['Entertainment', 'memes']",27.0,
-rQmlzGDkG4,Chess Openings Slander,"hi, hoped u liked the video, follow me also on: Instagram: https://www.instagram.com/chessing_bad/ tiktok: ...",,,1,"['Entertainment', 'memes']",27.0,
yx1flS47Uk8,ULTIMATE TURKEY SLANDER REWORK,Turkey Slander Ultimate / Altyazƒ±larƒ± a√ßmayƒ± unutmayƒ±n! TURKEY SLANDER.,,,1,"['Entertainment', 'memes']",27.0,
Wec8zkNsArM,Country Slander 2,You guys really enjoyed the first Country Slander video so I made another one. If you have any ideas for other countries I should ...,,,1,"['Entertainment', 'memes']",27.0,
FiwNAbqX-Ws,Job Slander,"don't get offended, just another retarded video Discord: https://discord.gg/nCgHUQz79X Instagram: ...",,,1,"['Entertainment', 'memes']",27.0,
TRwpLWoRf-M,Ireland slander,"Been a while, might do more if the receptions good.",,,1,"['Entertainment', 'memes']",27.0,
tJmLAwQRBII,Class 10th English Slander!,class10 #cbse #english #slander #memes #meme #youtube #youtubeindia #youtubeshorts #ncert #slandermeme #english ...,,,1,"['Entertainment', 'memes']",27.0,
YFtnokDmYpg,SLANDER & blackbear & Bring Me The Horizon - Wish I Could Forget (Zomboy Remix),SLANDER & blackbear & Bring Me The Horizon - Wish I Could Forget (Zomboy Remix) Stream / Download: ...,,,1,"['Entertainment', 'memes']",27.0,
Xhq7GEBeTeo,SLANDER - Halfway Down (Matrix & Futurebound Remix),SLANDER - Halfway Down (Matrix & Futurebound Remix) Listen/DL: slander.ffm.to/thrivermxs Subscribe Here ...,,,1,"['Entertainment', 'memes']",27.0,
o3WKbuANkOg,YouTuber Slander,You guys voted for YouTube Slander to be next so here we are. IMPORTANT NOTE: I plan to include certain creators and ...,,,1,"['Entertainment', 'memes']",27.0,
4ydn3gu6MjY,indonesia slander meme,kok ada tukang bakso depan rumah ya ig : https://www.instagram.com/aestravix/ twitter : https://twitter.com/aestravix.,,,1,"['Entertainment', 'memes']",27.0,
whKFgeLGwaw,SLANDER Live @ EDC Las Vegas 2023 (Full Set),slander #edclasvegas #edc Slander Live @ KineticField EDCLV 23.,,,1,"['Entertainment', 'memes']",27.0,
66s5KZ_i1g4,Roblox youtuber slander,Slander vid lol #roblox #slander #meme #memes #kreekcraft #funny.,,,1,"['Entertainment', 'memes']",27.0,
wNFqyxoCy0A,Japan Slander,„ÄåÊó•Êú¨ÔΩ•ÔΩ•ÔΩ•„Å®„ÅØÔºü„Äç„Åì„ÅÆÂãïÁîªÂä©„Åë„Çã„ÅØ„Åö„Åß„Åó„Çá„ÅÜ„Å≠ ‚ÄªÊ≥®ÊÑè‚ÄªÔΩ•ÔΩ•ÔΩ•„Åì„ÅÆÂãïÁîª„ÅÆ„ÇÇ„Å®„ÇÇ„Å®Ëã±Ë™û„ÅßÊõ∏„Åã„Çå„Å¶„ÅÑ„Å¶„Åô„Åê„Å´Êó•Êú¨Ë™û„Å´ÁøªË®≥„Åï„Çå„Åü ...,,,1,"['Entertainment', 'memes']",27.0,
90cTzYjiUdg,elden ring slander,"Elden Ring shadow slander 5 Elden ring slander/ shadow of the erdtree slander in 2024, #2024 #eldenring ...",,,1,"['Entertainment', 'memes']",27.0,
qPcT1Db6ADc,Max And Ruby Slander | TikTok compilation (WITH ALL PARTS),MaxAndRuby #Tiktok #TikTokCompilation #Slander JUSTICE FOR MAX!! I know this isn't the normal content I upload but I thought ...,,,1,"['Entertainment', 'memes']",27.0,
N1SE0KedOaw,Computer Engineering Slander,"NANOMACHINES, SON. Music by Naz3nt: https://www.youtube.com/naz3nt https://soundcloud.com/trashz3nt/tracks.",,,1,"['Entertainment', 'memes']",27.0,
TqOvH3o2fPA,SLANDER - Love Is Gone (Acoustic) ft. Dylan Matthew | Piano Cover & Sheet Music,"With this sheet music, you can play ""Love Is Gone"" (Acoustic) by SLANDER ft. Dylan Matthew on piano! It's an accurate, carefully ...",,,1,"['Entertainment', 'memes']",27.0,
uBDeK0WLZuI,SLANDER & Fairlane - Heaven Feels Like (Lyrics) Xeno Remix,Stream/Download: n.a. Xeno https://www.youtube.com/@Official_XenoMusic SLANDER https://soundcloud.com/slanderofficial ...,,,1,"['Entertainment', 'memes']",27.0,
MpH1KGoWpFU,Lektury maturalne Slander,≈∫r√≥d≈Ço: wiedza jestem te≈º na: instagramie ‚Äì https://www.instagram.com/martekbemiarz/ twitterku ...,,,1,"['Entertainment', 'memes']",27.0,
vJZp0GoRopA,[EPIC] Asia slander part 3,meme #slander Join my Discord:https://discord.gg/vGpvbVsh.,,,1,"['Entertainment', 'memes']",27.0,
G-MB0F2Mmng,Wish I Could Forget (William Black Remix),Provided to YouTube by Repost Network Wish I Could Forget (William Black Remix) ¬∑ SLANDER ¬∑ Bring Me The Horizon ...,,,1,"['Entertainment', 'memes']",27.0,
lo6HD-gASCI,Islamic History Slander,My favorite country is Islam So I realize upon uploading you people seeing the video that I wasn't being as,,,1,"['Entertainment', 'memes']",27.0,
cpb6hvM34BM,"Carrie Underwood‚Äôs $1 Billion Victory: Defamation Lawsuit Shakes The View, Joy Behar & Sunny Hostin!","Carrie Underwood's $1 Billion Victory: Defamation Lawsuit Shakes The View, Joy Behar & Sunny Hostin The entertainment ...",,,1,"['Entertainment', 'memes']",27.0,
nfcG6LKBxBg,Pvz Fusion 2.2 Slander,Pvz Fusion Slander 2.2 Music used- Lol Nas X- Industry Baby https://youtu.be/UTHLKHL_whs?si=UZqQqCWkSJFt32G4.,,,1,"['Entertainment', 'memes']",27.0,
0_G3qzyzn70,Disco Elysium Skills Slander,The music is an Instrumental of My Little Dark Age at 2x speed. ‚Ä¢ Electrochemistry - Trailer Park Boys ‚Ä¢ Esprit de Corps - Brooklyn ...,,,1,"['Entertainment', 'memes']",27.0,
Jg0P-ujmFxc,Ukraine Slander,–£—Å—ñ —Ñ–∞–∫—Ç–∏ –ø–æ–∫–∞–∑–∞–Ω—ñ –≤ —Ü—å–æ–º—É –≤—ñ–¥–µ–æ —î —á–∏—Å—Ç–æ—é –æ–±'—î–∫—Ç–∏–≤–Ω–æ—é –ø—Ä–∞–≤–¥–æ—é —ñ –Ω—ñ—á–∏–º —ñ–Ω—à–∏–º. All facts presented in this video are pure ...,,,1,"['Entertainment', 'memes']",27.0,
80-VBrAjkmM,SLANDER - Replay (with Dylan Matthew) [A-ZAR Remix],Bass Bangers SLANDER - Replay (with Dylan Matthew) [A-ZAR Remix] ‚è¨ Stream/Download: ...,,,1,"['Entertainment', 'memes']",27.0,
b8ZuyhRdKNk,Forsaken Slander,I remember playing this game once when it only had like 300 players and boom it's popular as hell all the sudden. #roblox ...,,,1,"['Entertainment', 'memes']",27.0,
_8PpkB9UeoU,15 Minutes of Purely Educational Bird Slander (ft. Kevin and DaBaby),This was my longest video by far so I'm not even gonna ask you to subscribe....I'm telling you to. Subscribe or I'll be in your room ...,,,1,"['Entertainment', 'memes']",27.0,
jzOskZLq7-M,SLANDER - Love is Gone (Lyrics) feat. Dylan Matthew,"SLANDER - Love is Gone (Lyrics) feat. Dylan Matthew Lyrics Don't go tonight Stay here one more time Remind me what it's like, ...",,,1,"['Entertainment', 'memes']",27.0,
8NKIJLCht7g,Slander Meme Song download free to use!,"Slander meme song, music download HD free to use! country slander, slander meme, theme,",,,1,"['Entertainment', 'memes']",27.0,
swTY0KwIG60,THE ROGER SLANDER IN THESE ONE PIECE MEMES IS CRAZY,THESE MEMES WERE DIRECTED AT A PARTICULAR BUNCH Join this channel to get access to perks: ...,,,1,"['Entertainment', 'memes']",27.0,
72EmQqmr6mE,Aerospace Engineering Slander - Part 1,"ok fine, I'll admit it, aerospace engineering has a cool name. seems like 90% are still worse at building stuff than industrial, trades, ...",,,1,"['Entertainment', 'memes']",27.0,
97yq7-bSU0w,Naz - Tay K Returns To Dreamland 4 (Slander Instrumental) Nintendo Kirby Star Allies hip-hop beat,Welcome to Museum Follow Naz https://soundcloud.com/trashz3nt.,,,1,"['Entertainment', 'memes']",27.0,
zZWfrnCmiqY,"Conflict with a neighbor's woman because of slander, to the innocent boy.","Conflict# neighbor woman# slander - innocent boy# In this fascinating film, we are dealing with the conflict of the neighboring ...",,,1,"['Entertainment', 'memes']",27.0,
oRin4aLBf6I,Indian States Slander (Part 3),finishing off the idiotic trilogy! #indian #indianstates #slander #memes #funny #india.,,,1,"['Entertainment', 'memes']",27.0,
6yED5ubUKuk,Romania Slander,something i threw up in about 2 hours.,,,1,"['Entertainment', 'memes']",27.0,
smASN9FEv3o,wizard slander,More wizardposting! The various magicians of the Shadow Wizard Money Gang aren't above shooting magic missiles at each ...,,,1,"['Entertainment', 'memes']",27.0,
1mMgIMmtDSU,Indian Peoples in a NUTSHELL (slander meme),Hi... This Video is about Indian peoples who live in different states of india. Based on stereotypes!! Music : Industry Baby Thanks ...,,,1,"['Entertainment', 'memes']",27.0,
KvK_nI9l0KA,Sinners Slander [Limbus Company Meme],With this wacky cast you just know I had to make this video at some point. Honestly i really love how wide and diverse the universe ...,,,1,"['Entertainment', 'memes']",27.0,
WHY6XTcfjTg,MrBeast Slander (It's going too far),It's going too far... Discord: https://discord.gg/HGbmXnYDN6 Disclaimer: This video is only made for entertainment purpose!,,,1,"['Entertainment', 'memes']",27.0,
5o5YneR9D8U,Country Slander 10,"Yes Ladies and Gentlemen here we are, the finale of the Country Slander series. I will continue to do other slander videos in the ...",,,1,"['Entertainment', 'memes']",27.0,
vY11gTL_npQ,ROMANIA SLANDER all 41 counties!,"Romania Slander, toate Judetele!",,,1,"['Entertainment', 'memes']",27.0,
nRJSpf9kVYc,Class 10 Social Science slander,tags:- (ignore) class 10 sst ssc social science meme slander history.,,,1,"['Entertainment', 'memes']",27.0,
SK7pUxbI98k,[REMASTERED] SpongeBob Sings Love Is Gone [ORIGINAL VERSION] (SLANDER AI COVER),Editing App Used: Kinemaster Programs Used: BANGER & FL STUDIO Listen On SoundCloud: ...,,,1,"['Entertainment', 'memes']",27.0,
dBEFhNJCvLM,Aisha bint Abu Bakr (ra): Slander and Death of the Prophet Ô∑∫ | The Firsts | Dr. Omar Suleiman,Our mother was known for how beloved she was to the Prophet Ô∑∫ which made her an easy target of the hypocrites. In her defense ...,,,1,"['Entertainment', 'memes']",27.0,
hzE6kNafxq8,Undertale and deltarune slander part 1,Music:it's pronounced rules.,,,1,"['Entertainment', 'memes']",27.0,
qvdHP3OH8iY,Grade 1-12 slander,"Hey guys, it's the holidays. I hope I made y'all laugh or cracked a smile. Sub, like and share. Grade 1-12 slander Part 1: ...",,,1,"['Entertainment', 'memes']",27.0,
w8pTqotT5Z4,Average CBSE Class 10th SLANDER,I know its been a while fam. but but but here we go to all my 10th mates #slander #memes #funny #viral #viralmemes #comedy ...,,,1,"['Entertainment', 'memes']",27.0,
oGg13K4kho8,League of Legends Slander (ALL 161 CHAMPIONS),Main channel: https://www.youtube.com/boreklipogaca Music: https://youtu.be/oyvMKX_jozg Ahri Orianna Syndra ...,,,1,"['Entertainment', 'memes']",27.0,
QBIpiTHAdZc,2022 Slander,2022 Slander. Impossible to deny. Twitter: https://twitter.com/SirSwagYT Patreon: https://www.patreon.com/SirSwag Reddit: ...,,,1,"['Entertainment', 'memes']",27.0,
NvI0rD7Fi4M,Ultimate Nepali Slander,"Feel free to battle it out in the comment section, and slander me if u are offended. This video is 69.69% satirical and is not ...",,,1,"['Entertainment', 'memes']",27.0,
kJGXJAI0sMA,"Social Media Break, Slander, and Sanctification","After a fruitful yet exhausting year, the Perrys talk about the future of the podcast and their public ministry. They discuss whether or ...",,,1,"['Entertainment', 'memes']",27.0,
i_R4LRTCPb0,Country Slander,Once again late to the trend Song: Romance Sengen by Kaneko Ayano.,,,1,"['Entertainment', 'memes']",27.0,
XUIAoXVuXFE,Chess Slander,chess #chessslander #chessmemes.,,,1,"['Entertainment', 'memes']",27.0,
P9ejjeFZA-Y,Ultimate Europe Slander,Yes #slander #memes #slandermemes.,,,1,"['Entertainment', 'memes']",27.0,
p88a4r0VMwc,Rahul Gandhi Veer Savarkar Defamation Case I Congress Meeting In Indira Bhawan | Rajeev Kumar,Rahul Gandhi Veer Savarkar Defamation: Congress leader Rahul Gandhi has got another relief in the defamation case of the ...,,,1,"['Entertainment', 'memes']",27.0,
LOfpJV84u_A,Aerospace Engineering Slander - Part 2,Do you want to design or manufacture airplanes and rockets? Step 1: Study them on your own time and ask experts questions.,,,1,"['Entertainment', 'memes']",27.0,
jZsY62P9V48,Grade Slander 2,"Back from a hiatus, how has you guys' summmer been? Also I recently graduated school, so looking back at this makes me kind of ...",,,1,"['Entertainment', 'memes']",27.0,
tUYo0QF_cX0,stardew valley slander,hey guys another slander video this week!! doing interviews and very happy with my life other than that :3 i hope you guys like it.,,,1,"['Entertainment', 'memes']",27.0,
fOzEuWnI6CA,DEFINITIVE VIDEOGAME SLANDER,Background song link - https://www.youtube.com/watch?v=oyvMKX_jozg.,,,1,"['Entertainment', 'memes']",27.0,
30LZFFPkZoM,SLANDER - Nothing Hurts Like Goodbye (IVORY Remix),SLANDER - Nothing Hurts Like Goodbye (IVORY Remix) Listen/DL: slander.ffm.to/thrivermxs Subscribe Here ...,,,1,"['Entertainment', 'memes']",27.0,
HVIt37uohio,Minecraft Slander Compilation,Minecraft is the This video is just a joke. Don't take it too seriously. Join my Discord server: https://discord.gg/jKp4VBdKp9 ...,,,1,"['Entertainment', 'memes']",27.0,
_gWLHdqncFs,ŸÖÿ™ÿ±ÿ¨ŸÖÿ© SLANDER - Love Is Gone ft. Dylan Matthew,ÔΩìÔΩïÔΩÇÔΩìÔΩÉÔΩíÔΩâÔΩÇÔΩÖ ŸÄŸÄŸÄŸÄŸÄŸÄŸÄŸÄŸÄŸÄŸÄŸÄŸÄŸÄŸÄŸÄŸÄŸÄŸÄŸÄŸÄŸÄŸÄŸÄŸÄŸÄŸÄŸÄŸÄŸÄŸÄŸÄŸÄŸÄŸÄŸÄŸÄŸÄŸÄŸÄŸÄŸÄŸÄŸÄŸÄŸÄŸÄ ¬ª Follow my Socials instgram: https://www.instagram.com/nada_khaled1112 ...,,,1,"['Entertainment', 'memes']",27.0,
nHyPHLDHF6s,SLANDER & William Black ft. Jordan Shaw - Keep U Warm [Calvin x Megatron MoombahChill ReMix]üáªüá∫,SLANDER & William Black ft. Jordan Shaw - Keep U Warm (Calvin x Megatron Remix) A music video visualizer brought to you by ...,,,1,"['Entertainment', 'memes']",27.0,
aS7WYx6r8w0,boyfriends slander‚Ä¶,this is actually the worst comic to exist in planet earth.. hi! i'm ava einstein AAAHHH.,,,1,"['Entertainment', 'memes']",27.0,
c5TJGbyWwsg,MH monster slander,Music used: https://www.youtube.com/watch?v=MWy1caceqHg monster hunter slander: ...,,,1,"['Entertainment', 'memes']",27.0,
QE04e0WWMEI,SLANDER & blackbear & Bring Me The Horizon - Wish I Could Forget (Vastive Remix),SLANDER & blackbear & Bring Me The Horizon - Wish I Could Forget (Vastive Remix) Stream / Download: ...,,,1,"['Entertainment', 'memes']",27.0,
SQFLlWDWNLE,Love Is Gone,"Provided to YouTube by Repost Network Love Is Gone ¬∑ SLANDER ¬∑ Dylan Matthew Thrive ‚Ñó SLANDER, Medyk, Kiiara, Ashley ...",,,1,"['Entertainment', 'memes']",27.0,
Yva8VVIM69k,SLANDER - Halfway Down (Perry Wayne Remix),SLANDER - Halfway Down (Perry Wayne Remix) Listen/DL: slander.ffm.to/thrivermxs Subscribe Here ...,,,1,"['Entertainment', 'memes']",27.0,
mLRv5PZkKOg,ENTRY & END TIMES | Defamation for Dominance | Matthew 21:23-27 | Kenneth McFarland,"In Week 4 of ‚ÄúENTRY & END TIMES,‚Äù Kenneth McFarland unpacks the tension between Jesus and the religious leaders in ...",,,1,"['Entertainment', 'memes']",27.0,
X9ein7zEwLE,[Cover] Love Is Gone (SLANDER) l Sung by CHA EUN-WOO,LoveIsGone #Ï∞®ÏùÄÏö∞ #Cover ÎπàÏïÑ Ïûò ÏßÄÎÇ¥? Î≠ê ÌïòÍ≥† ÏûàÏñ¥? Ïó¨Îäê ÎïåÏ≤òÎüº ÎÑàÏùò ÏÉùÏùº Ï∂ïÌïòÌï¥ Ï£ºÍ≥† Ïã∂ÏùÄÎç∞‚Ä¶ Ïñ¥ÎîîÏÑ†Í∞Ä Î≥¥Í≥† ÏûàÍ≤†ÏßÄ?,,,1,"['Entertainment', 'memes']",27.0,
_u3932vpslM,India slander,I am a Bengali. Feel free to battle it out in the comments. The video is 69% satirical and made to highlight the stupidity of ...,,,1,"['Entertainment', 'memes']",27.0,
vBCtpEjYfpM,Studia slander,student debil :-D.,,,1,"['Entertainment', 'memes']",27.0,
tYzo8YWpJko,Canto XII Identities Slander [Limbus Company],I'm from the future trust.,,,1,"['Entertainment', 'memes']",27.0,
UdiTppy9oG4,1-12th grade slander üíÄ,"Hey guys, it's the holidays. I hope I made y'all laugh or cracked a smile. Please subscribe like and share :). First day of school ...",,,1,"['Entertainment', 'memes']",27.0,
juO34JytvSI,Slander & Fairlane - Heaven Feels Like,Trap Woofer Spotify Playlist: https://open.spotify.com/playlist/0bF7X5bxLsMwlnoInm5src?si=625a0eb0a1184036 Submit ...,,,1,"['Entertainment', 'memes']",27.0,
GCbAxjrhRH8,India Slander,tags: #slandermemes #countryslander #indiaslander.,,,1,"['Entertainment', 'memes']",27.0,
E0GajsnTCTM,Polska Telewizja Slander,Trochƒô na si≈Çƒô robione.,,,1,"['Entertainment', 'memes']",27.0,
zGiihyVLsR0,[1080p] SLANDER LIVE @ Ultra Music Festival Taiwan 2020,Follow SLANDER: https://twitch.tv/slander https://twitter.com/slanderofficial https://facebook.com/slanderofficial ...,,,1,"['Entertainment', 'memes']",27.0,
lhH8VizzroY,Bastille & Audien & Party Thieves - Pompeii (Slander Remix),Trap City Merch: http://trapcity.tv/shop Subscribe here: http://trapcity.tv/subscribe ‚û• Become a fan of Trap City: ...,,,1,"['Entertainment', 'memes']",27.0,
ujxaMA9lC9Q,"Love is gone ‚Äî SLANDER ÔºàRemixÔºâ„ÄêI'm sorry, don't leave me, I want you here with me„ÄëFt.TpBet888",Malaysia Top 10 Company Hebat Service Online Casino Customer Service 24Jam Bonus Tinggai Bayaran Hebat ...,,,1,"['Entertainment', 'memes']",27.0,
A9RotolNR0M,Denmark Slander,"So, here's something unusual, i made a meme. I posted a Danish version of this as well on Reddit, but it's an older version about a ...",,,1,"['Entertainment', 'memes']",27.0,
52OAG9_1Xh0,Love Is Gone - Slander ( slowed down ) // Acoustic,SLANDER - Love Is Gone ft. Dylan Matthew (Acoustic) https://www.youtube.com/watch?v=hCrtcVDgCGw Follow SLANDER ...,,,1,"['Entertainment', 'memes']",27.0,
5KfI9eP7Ucs,SLANDER - Love Is Gone (ft. Dylan Matthew) | Piano Cover by Pianella Piano,.............................................................................. Pianella Piano: ‚ô´ Spotify ‚ñª https://spoti.fi/2J1sWbc ‚ô´ iTunes/Apple Music ...,,,1,"['Entertainment', 'memes']",27.0,
VQ9bN2Nalqk,SLANDER & Fairlane - Heaven Feels Like (Lyrics),Lyrics: SLANDER & Fairlane - Heaven Feels Like (That's what heaven feels like) Two lost souls in the darkness Looking for ...,,,1,"['Entertainment', 'memes']",27.0,
aUsvDVMDW6Q,THE ULTIMATE CLASS 10 SST SLANDER,Ik this will be amazing for you guys.,,,1,"['Entertainment', 'memes']",27.0,
Mjvv1AGjPaU,Debate With Arnab: Mamata's Shocking 'Mrityukumbh' Slander On Holy Mahakumbh,Debate With Arnab: Mamata's Shocking 'Mrityukumbh' Slander On Holy Mahakumbh West Bengal Chief Minister Mamata ...,,,1,"['Entertainment', 'memes']",27.0,
LmNBK2Sbuhw,"Slander, William Black x Jason Ross, Blanke ft. Justin Bieber - Hold On One More Day [Music Video]","Slander, William Black x Jason Ross, Blanke ft. Justin Bieber - Hold On One More Day [Music Video] (Make It Bump Mashup) Join ...",,,1,"['Entertainment', 'memes']",27.0,
BGHkAnascvA,SLANDER & blackbear & Bring Me The Horizon - Wish I Could Forget (RIOT Remix)T,Booking: North America Alex Balash | alex@abtouring.com Brian Severino | brian@abtouring.com ROW Tom Morrey ...,,,1,"['Entertainment', 'memes']",27.0,
